[
  {
    "title": "Paquete Básico",
    "description": "Perfecto para eventos pequeños e íntimos. Incluye 2 canales de música, hasta 50 auriculares, 1 DJ y equipo técnico básico. Duración de hasta 4 horas.",
    "price": "Desde $15,000 ARS",
    "image": "https://images.unsplash.com/photo-1470225620780-dba8ba36b745?ixlib=rb-4.0.3&ixid=M3wxMjA3fDB8MHxwaG90by1wYWdlfHx8fGVufDB8fHx8fA%3D%3D&auto=format&fit=crop&w=1470&q=80",
    "whatsapp_msg": "Hola%20Silenzzio,%20me%20interesa%20el%20paquete%20básico%20para%2050%20personas"
  },
  {
    "title": "Paquete Estándar",
    "description": "Ideal para eventos medianos. Incluye 3 canales de música, hasta 150 auriculares, 2 DJs, luces básicas y equipo técnico completo. Duración de hasta 6 horas.",
    "price": "Desde $25,000 ARS",
    "image": "https://images.unsplash.com/photo-1571596825787-640e72bbb2f4?ixlib=rb-4.0.3&ixid=M3wxMjA3fDB8MHxwaG90by1wYWdlfHx8fGVufDB8fHx8fA%3D%3D&auto=format&fit=crop&w=1470&q=80",
    "whatsapp_msg": "Hola%20Silenzzio,%20me%20interesa%20el%20paquete%20estándar%20para%20150%20personas"
  },
  {
    "title": "Paquete Premium",
    "description": "Perfecto para grandes eventos. Incluye 4 canales de música, hasta 300 auriculares, 3 DJs, sistema de iluminación completo, personal técnico y de apoyo. Duración de hasta 8 horas.",
    "price": "Desde $45,000 ARS",
    "image": "https://images.unsplash.com/photo-1516450360452-9312f5e86fc7?ixlib=rb-4.0.3&ixid=M3wxMjA3fDB8MHxwaG90by1wYWdlfHx8fGVufDB8fHx8fA%3D%3D&auto=format&fit=crop&w=1470&q=80",
    "whatsapp_msg": "Hola%20Silenzzio,%20me%20interesa%20el%20paquete%20premium%20para%20300%20personas"
  },
  {
    "title": "Paquete Corporativo",
    "description": "Diseñado para eventos empresariales de gran escala. Incluye 5 canales, más de 300 auriculares, 4 DJs, sistema de iluminación personalizado, personal completo y servicios adicionales a medida.",
    "price": "Desde $75,000 ARS",
    "image": "https://images.unsplash.com/photo-1492684223066-81342ee5ff30?ixlib=rb-4.0.3&ixid=M3wxMjA3fDB8MHxwaG90by1wYWdlfHx8fGVufDB8fHx8fA%3D%3D&auto=format&fit=crop&w=1470&q=80",
    "whatsapp_msg": "Hola%20Silenzzio,%20me%20interesa%20el%20paquete%20corporativo%20para%20más%20de%20300%20personas"
  }
]