{
    "site_title": "Silenzzio - Eventos de Auriculares Silenciosos",
    "contact_email": "info@silenzzio.com",
    "contact_phone": "+54 3541316919",
    "whatsapp_number": "5493541316919",
    "footer_text": "\u00a9 2025 Silenzzio. Todos los derechos reservados.",
    "social": {
        "facebook": "https:\/\/facebook.com\/silenzzio",
        "instagram": "https:\/\/instagram.com\/silenzzio",
        "twitter": "https:\/\/twitter.com\/silenzzio",
        "youtube": "https:\/\/youtube.com\/silenzzio"
    }
}