[
    {
        "title": "Damaris",
        "description": "asdasdasdas",
        "category": "Festival",
        "client": "Yo",
        "date": "2025-03-31",
        "location": "asdasdsa",
        "image": "img\/works\/work_20250406205335_2458.png",
        "featured": 1,
        "created_at": "2025-04-06 20:53:35",
        "id": "67f313ff868af_6588"
    },
    {
        "title": "asdasdasdsa",
        "description": "dasdasdasdas",
        "category": "Evento Corporativo",
        "client": "dsadasdsa",
        "date": "2025-03-31",
        "location": "asdasdadasdasd",
        "image": "img\/works\/work_20250406210058_2243.png",
        "featured": true,
        "created_at": "2025-04-06 21:00:58",
        "id": "67f315ba19d18_1662"
    }
]