[
    {
        "date": "2025-04-06 21:11:59",
        "action": "event_delete",
        "description": "Deleted event: 21321313",
        "username": "admin",
        "ip": "176.65.139.105",
        "user_agent": "Mozilla\/5.0 (Windows NT 10.0; Win64; x64) AppleWebKit\/537.36 (KHTML, like Gecko) Chrome\/135.0.0.0 Safari\/537.36"
    },
    {
        "date": "2025-04-06 21:01:48",
        "action": "work_feature",
        "description": "Featured work: asdasdasdsa",
        "username": "admin",
        "ip": "176.65.139.105",
        "user_agent": "Mozilla\/5.0 (Windows NT 10.0; Win64; x64) AppleWebKit\/537.36 (KHTML, like Gecko) Chrome\/135.0.0.0 Safari\/537.36"
    },
    {
        "date": "2025-04-06 21:00:58",
        "action": "work_add",
        "description": "Added new work: asdasdasdsa",
        "username": "admin",
        "ip": "176.65.139.105",
        "user_agent": "Mozilla\/5.0 (Windows NT 10.0; Win64; x64) AppleWebKit\/537.36 (KHTML, like Gecko) Chrome\/135.0.0.0 Safari\/537.36"
    },
    {
        "date": "2025-04-06 20:59:20",
        "action": "work_delete",
        "description": "Deleted work: dsadasdasd",
        "username": "admin",
        "ip": "176.65.139.105",
        "user_agent": "Mozilla\/5.0 (Windows NT 10.0; Win64; x64) AppleWebKit\/537.36 (KHTML, like Gecko) Chrome\/135.0.0.0 Safari\/537.36"
    },
    {
        "date": "2025-04-06 20:59:20",
        "action": "work_delete",
        "description": "Deleted work: dsadasdasd",
        "username": "admin",
        "ip": "176.65.139.105",
        "user_agent": "Mozilla\/5.0 (Windows NT 10.0; Win64; x64) AppleWebKit\/537.36 (KHTML, like Gecko) Chrome\/135.0.0.0 Safari\/537.36"
    },
    {
        "date": "2025-04-06 20:58:35",
        "action": "work_add",
        "description": "Added new work: dsadasdasd",
        "username": "admin",
        "ip": "176.65.139.105",
        "user_agent": "Mozilla\/5.0 (Windows NT 10.0; Win64; x64) AppleWebKit\/537.36 (KHTML, like Gecko) Chrome\/135.0.0.0 Safari\/537.36"
    },
    {
        "date": "2025-04-06 20:53:35",
        "action": "work_add",
        "description": "Added new work: Damaris",
        "username": "admin",
        "ip": "176.65.139.105",
        "user_agent": "Mozilla\/5.0 (Windows NT 10.0; Win64; x64) AppleWebKit\/537.36 (KHTML, like Gecko) Chrome\/135.0.0.0 Safari\/537.36"
    },
    {
        "date": "2025-04-06 20:53:08",
        "action": "work_delete",
        "description": "Deleted work: Joda en mi casa",
        "username": "admin",
        "ip": "176.65.139.105",
        "user_agent": "Mozilla\/5.0 (Windows NT 10.0; Win64; x64) AppleWebKit\/537.36 (KHTML, like Gecko) Chrome\/135.0.0.0 Safari\/537.36"
    },
    {
        "date": "2025-04-06 20:36:38",
        "action": "message_delete",
        "description": "Deleted message from: Louanne Brace",
        "username": "admin",
        "ip": "176.65.139.105",
        "user_agent": "Mozilla\/5.0 (Windows NT 10.0; Win64; x64) AppleWebKit\/537.36 (KHTML, like Gecko) Chrome\/135.0.0.0 Safari\/537.36"
    },
    {
        "date": "2025-04-06 20:26:41",
        "action": "event_feature",
        "description": "Featured event: varlab evento",
        "username": "admin",
        "ip": "176.65.139.105",
        "user_agent": "Mozilla\/5.0 (Windows NT 10.0; Win64; x64) AppleWebKit\/537.36 (KHTML, like Gecko) Chrome\/135.0.0.0 Safari\/537.36"
    },
    {
        "date": "2025-04-06 20:26:36",
        "action": "event_unfeature",
        "description": "Unfeatured event: varlab evento",
        "username": "admin",
        "ip": "176.65.139.105",
        "user_agent": "Mozilla\/5.0 (Windows NT 10.0; Win64; x64) AppleWebKit\/537.36 (KHTML, like Gecko) Chrome\/135.0.0.0 Safari\/537.36"
    },
    {
        "date": "2025-04-06 20:12:27",
        "action": "login",
        "description": "Admin login successful",
        "username": "admin",
        "ip": "176.65.139.105",
        "user_agent": "Mozilla\/5.0 (Windows NT 10.0; Win64; x64) AppleWebKit\/537.36 (KHTML, like Gecko) Chrome\/135.0.0.0 Safari\/537.36"
    },
    {
        "date": "2025-04-05 16:10:43",
        "action": "event_update",
        "description": "Updated event: varlab evento",
        "username": "admin",
        "ip": "176.65.139.105",
        "user_agent": "Mozilla\/5.0 (Windows NT 10.0; Win64; x64) AppleWebKit\/537.36 (KHTML, like Gecko) Chrome\/135.0.0.0 Safari\/537.36"
    },
    {
        "date": "2025-04-05 16:10:06",
        "action": "login",
        "description": "Admin login successful",
        "username": "admin",
        "ip": "176.65.139.105",
        "user_agent": "Mozilla\/5.0 (Windows NT 10.0; Win64; x64) AppleWebKit\/537.36 (KHTML, like Gecko) Chrome\/135.0.0.0 Safari\/537.36"
    },
    {
        "date": "2025-04-04 16:13:43",
        "action": "login",
        "description": "Admin login successful",
        "username": "admin",
        "ip": "176.65.139.105",
        "user_agent": "Mozilla\/5.0 (iPhone; CPU iPhone OS 18_3_2 like Mac OS X) AppleWebKit\/605.1.15 (KHTML, like Gecko) Version\/18.3.1 Mobile\/15E148 Safari\/604.1"
    },
    {
        "date": "2025-04-04 07:08:43",
        "action": "event_update",
        "description": "Updated event: varlab evento",
        "username": "admin",
        "ip": "176.65.139.105",
        "user_agent": "Mozilla\/5.0 (Windows NT 10.0; Win64; x64) AppleWebKit\/537.36 (KHTML, like Gecko) Chrome\/135.0.0.0 Safari\/537.36"
    },
    {
        "date": "2025-04-04 07:08:19",
        "action": "login",
        "description": "Admin login successful",
        "username": "admin",
        "ip": "176.65.139.105",
        "user_agent": "Mozilla\/5.0 (Windows NT 10.0; Win64; x64) AppleWebKit\/537.36 (KHTML, like Gecko) Chrome\/135.0.0.0 Safari\/537.36"
    },
    {
        "date": "2025-04-04 04:53:37",
        "action": "event_update",
        "description": "Updated event: varlab evento",
        "username": "admin",
        "ip": "176.65.139.105",
        "user_agent": "Mozilla\/5.0 (Windows NT 10.0; Win64; x64) AppleWebKit\/537.36 (KHTML, like Gecko) Chrome\/135.0.0.0 Safari\/537.36"
    },
    {
        "date": "2025-04-04 04:12:39",
        "action": "event_update",
        "description": "Updated event: varlab evento",
        "username": "admin",
        "ip": "176.65.139.105",
        "user_agent": "Mozilla\/5.0 (Windows NT 10.0; Win64; x64) AppleWebKit\/537.36 (KHTML, like Gecko) Chrome\/135.0.0.0 Safari\/537.36"
    },
    {
        "date": "2025-04-04 04:08:42",
        "action": "event_update",
        "description": "Updated event: varlab evento",
        "username": "admin",
        "ip": "176.65.139.105",
        "user_agent": "Mozilla\/5.0 (Windows NT 10.0; Win64; x64) AppleWebKit\/537.36 (KHTML, like Gecko) Chrome\/135.0.0.0 Safari\/537.36"
    },
    {
        "date": "2025-04-04 04:04:46",
        "action": "event_update",
        "description": "Updated event: varlab evento",
        "username": "admin",
        "ip": "176.65.139.105",
        "user_agent": "Mozilla\/5.0 (Windows NT 10.0; Win64; x64) AppleWebKit\/537.36 (KHTML, like Gecko) Chrome\/135.0.0.0 Safari\/537.36"
    },
    {
        "date": "2025-04-04 04:04:30",
        "action": "event_update",
        "description": "Updated event: varlab evento",
        "username": "admin",
        "ip": "176.65.139.105",
        "user_agent": "Mozilla\/5.0 (Windows NT 10.0; Win64; x64) AppleWebKit\/537.36 (KHTML, like Gecko) Chrome\/135.0.0.0 Safari\/537.36"
    },
    {
        "date": "2025-04-04 04:03:55",
        "action": "event_update",
        "description": "Updated event: varlab evento",
        "username": "admin",
        "ip": "176.65.139.105",
        "user_agent": "Mozilla\/5.0 (Windows NT 10.0; Win64; x64) AppleWebKit\/537.36 (KHTML, like Gecko) Chrome\/135.0.0.0 Safari\/537.36"
    },
    {
        "date": "2025-04-04 03:51:48",
        "action": "event_delete",
        "description": "Deleted event: asdsadasdsa",
        "username": "admin",
        "ip": "176.65.139.105",
        "user_agent": "Mozilla\/5.0 (Windows NT 10.0; Win64; x64) AppleWebKit\/537.36 (KHTML, like Gecko) Chrome\/135.0.0.0 Safari\/537.36"
    },
    {
        "date": "2025-04-04 03:51:34",
        "action": "event_feature",
        "description": "Featured event: asdsadasdsa",
        "username": "admin",
        "ip": "176.65.139.105",
        "user_agent": "Mozilla\/5.0 (Windows NT 10.0; Win64; x64) AppleWebKit\/537.36 (KHTML, like Gecko) Chrome\/135.0.0.0 Safari\/537.36"
    },
    {
        "date": "2025-04-04 03:51:32",
        "action": "event_delete",
        "description": "Deleted event: 21321313",
        "username": "admin",
        "ip": "176.65.139.105",
        "user_agent": "Mozilla\/5.0 (Windows NT 10.0; Win64; x64) AppleWebKit\/537.36 (KHTML, like Gecko) Chrome\/135.0.0.0 Safari\/537.36"
    },
    {
        "date": "2025-04-04 03:51:24",
        "action": "event_add",
        "description": "Added new event: 21321313",
        "username": "admin",
        "ip": "176.65.139.105",
        "user_agent": "Mozilla\/5.0 (Windows NT 10.0; Win64; x64) AppleWebKit\/537.36 (KHTML, like Gecko) Chrome\/135.0.0.0 Safari\/537.36"
    },
    {
        "date": "2025-04-04 03:35:22",
        "action": "event_add",
        "description": "Added new event: 21321313",
        "username": "admin",
        "ip": "176.65.139.105",
        "user_agent": "Mozilla\/5.0 (Windows NT 10.0; Win64; x64) AppleWebKit\/537.36 (KHTML, like Gecko) Chrome\/135.0.0.0 Safari\/537.36"
    },
    {
        "date": "2025-04-04 03:34:29",
        "action": "event_add",
        "description": "Added new event: asdsadasdsa",
        "username": "admin",
        "ip": "176.65.139.105",
        "user_agent": "Mozilla\/5.0 (Windows NT 10.0; Win64; x64) AppleWebKit\/537.36 (KHTML, like Gecko) Chrome\/135.0.0.0 Safari\/537.36"
    },
    {
        "date": "2025-04-04 03:08:58",
        "action": "event_delete",
        "description": "Deleted event: dsadas",
        "username": "admin",
        "ip": "176.65.139.105",
        "user_agent": "Mozilla\/5.0 (Windows NT 10.0; Win64; x64) AppleWebKit\/537.36 (KHTML, like Gecko) Chrome\/135.0.0.0 Safari\/537.36"
    },
    {
        "date": "2025-04-04 03:08:56",
        "action": "event_delete",
        "description": "Deleted event: caca",
        "username": "admin",
        "ip": "176.65.139.105",
        "user_agent": "Mozilla\/5.0 (Windows NT 10.0; Win64; x64) AppleWebKit\/537.36 (KHTML, like Gecko) Chrome\/135.0.0.0 Safari\/537.36"
    },
    {
        "date": "2025-04-04 03:06:25",
        "action": "event_add",
        "description": "Added new event: dsadas",
        "username": "admin",
        "ip": "176.65.139.105",
        "user_agent": "Mozilla\/5.0 (Windows NT 10.0; Win64; x64) AppleWebKit\/537.36 (KHTML, like Gecko) Chrome\/135.0.0.0 Safari\/537.36"
    },
    {
        "date": "2025-04-04 03:06:20",
        "action": "event_add",
        "description": "Added new event: caca",
        "username": "admin",
        "ip": "176.65.139.105",
        "user_agent": "Mozilla\/5.0 (Windows NT 10.0; Win64; x64) AppleWebKit\/537.36 (KHTML, like Gecko) Chrome\/135.0.0.0 Safari\/537.36"
    },
    {
        "date": "2025-04-04 03:03:35",
        "action": "event_delete",
        "description": "Deleted event: asdsadas",
        "username": "admin",
        "ip": "176.65.139.105",
        "user_agent": "Mozilla\/5.0 (Windows NT 10.0; Win64; x64) AppleWebKit\/537.36 (KHTML, like Gecko) Chrome\/135.0.0.0 Safari\/537.36"
    },
    {
        "date": "2025-04-04 02:59:45",
        "action": "event_update",
        "description": "Updated event: asdsadas",
        "username": "admin",
        "ip": "176.65.139.105",
        "user_agent": "Mozilla\/5.0 (Windows NT 10.0; Win64; x64) AppleWebKit\/537.36 (KHTML, like Gecko) Chrome\/135.0.0.0 Safari\/537.36"
    },
    {
        "date": "2025-04-04 02:59:22",
        "action": "event_feature",
        "description": "Featured event: asdsadas",
        "username": "admin",
        "ip": "176.65.139.105",
        "user_agent": "Mozilla\/5.0 (Windows NT 10.0; Win64; x64) AppleWebKit\/537.36 (KHTML, like Gecko) Chrome\/135.0.0.0 Safari\/537.36"
    },
    {
        "date": "2025-04-04 02:59:20",
        "action": "event_unfeature",
        "description": "Unfeatured event: asdsadas",
        "username": "admin",
        "ip": "176.65.139.105",
        "user_agent": "Mozilla\/5.0 (Windows NT 10.0; Win64; x64) AppleWebKit\/537.36 (KHTML, like Gecko) Chrome\/135.0.0.0 Safari\/537.36"
    },
    {
        "date": "2025-04-04 02:59:19",
        "action": "event_feature",
        "description": "Featured event: asdsadas",
        "username": "admin",
        "ip": "176.65.139.105",
        "user_agent": "Mozilla\/5.0 (Windows NT 10.0; Win64; x64) AppleWebKit\/537.36 (KHTML, like Gecko) Chrome\/135.0.0.0 Safari\/537.36"
    },
    {
        "date": "2025-04-04 02:59:17",
        "action": "event_unfeature",
        "description": "Unfeatured event: asdsadas",
        "username": "admin",
        "ip": "176.65.139.105",
        "user_agent": "Mozilla\/5.0 (Windows NT 10.0; Win64; x64) AppleWebKit\/537.36 (KHTML, like Gecko) Chrome\/135.0.0.0 Safari\/537.36"
    },
    {
        "date": "2025-04-04 02:44:51",
        "action": "event_add",
        "description": "Added new event: asdsadas",
        "username": "admin",
        "ip": "176.65.139.105",
        "user_agent": "Mozilla\/5.0 (Windows NT 10.0; Win64; x64) AppleWebKit\/537.36 (KHTML, like Gecko) Chrome\/135.0.0.0 Safari\/537.36"
    },
    {
        "date": "2025-04-04 02:44:41",
        "action": "event_delete",
        "description": "Deleted event: asdsasdadas",
        "username": "admin",
        "ip": "176.65.139.105",
        "user_agent": "Mozilla\/5.0 (Windows NT 10.0; Win64; x64) AppleWebKit\/537.36 (KHTML, like Gecko) Chrome\/135.0.0.0 Safari\/537.36"
    },
    {
        "date": "2025-04-04 02:44:30",
        "action": "event_feature",
        "description": "Featured event: asdsasdadas",
        "username": "admin",
        "ip": "176.65.139.105",
        "user_agent": "Mozilla\/5.0 (Windows NT 10.0; Win64; x64) AppleWebKit\/537.36 (KHTML, like Gecko) Chrome\/135.0.0.0 Safari\/537.36"
    },
    {
        "date": "2025-04-04 02:44:24",
        "action": "event_unfeature",
        "description": "Unfeatured event: asdsasdadas",
        "username": "admin",
        "ip": "176.65.139.105",
        "user_agent": "Mozilla\/5.0 (Windows NT 10.0; Win64; x64) AppleWebKit\/537.36 (KHTML, like Gecko) Chrome\/135.0.0.0 Safari\/537.36"
    },
    {
        "date": "2025-04-04 02:44:19",
        "action": "event_add",
        "description": "Added new event: asdsasdadas",
        "username": "admin",
        "ip": "176.65.139.105",
        "user_agent": "Mozilla\/5.0 (Windows NT 10.0; Win64; x64) AppleWebKit\/537.36 (KHTML, like Gecko) Chrome\/135.0.0.0 Safari\/537.36"
    },
    {
        "date": "2025-04-04 02:44:04",
        "action": "event_update",
        "description": "Updated event: PROMPTS",
        "username": "admin",
        "ip": "176.65.139.105",
        "user_agent": "Mozilla\/5.0 (Windows NT 10.0; Win64; x64) AppleWebKit\/537.36 (KHTML, like Gecko) Chrome\/135.0.0.0 Safari\/537.36"
    },
    {
        "date": "2025-04-04 02:27:42",
        "action": "login",
        "description": "Admin login successful",
        "username": "admin",
        "ip": "176.65.139.105",
        "user_agent": "Mozilla\/5.0 (Windows NT 10.0; Win64; x64) AppleWebKit\/537.36 (KHTML, like Gecko) Chrome\/134.0.0.0 Safari\/537.36"
    },
    {
        "date": "2025-04-04 01:17:23",
        "action": "login",
        "description": "Admin login successful",
        "username": "admin",
        "ip": "176.65.139.105",
        "user_agent": "Mozilla\/5.0 (Windows NT 10.0; Win64; x64) AppleWebKit\/537.36 (KHTML, like Gecko) Chrome\/135.0.0.0 Safari\/537.36"
    },
    {
        "date": "2025-04-02 15:04:18",
        "action": "login",
        "description": "Admin login successful",
        "username": "admin",
        "ip": "176.65.139.105",
        "user_agent": "Mozilla\/5.0 (Windows NT 10.0; Win64; x64) AppleWebKit\/537.36 (KHTML, like Gecko) Chrome\/134.0.0.0 Safari\/537.36"
    },
    {
        "date": "2025-04-02 04:19:42",
        "action": "login",
        "description": "Admin login successful",
        "username": "admin",
        "ip": "176.65.139.105",
        "user_agent": "Mozilla\/5.0 (X11; Linux x86_64; rv:128.0) Gecko\/20100101 Firefox\/128.0"
    },
    {
        "date": "2025-04-02 04:19:25",
        "action": "login_failed",
        "description": "Failed login attempt with username: admin",
        "username": "unknown",
        "ip": "176.65.139.105",
        "user_agent": "Mozilla\/5.0 (X11; Linux x86_64; rv:128.0) Gecko\/20100101 Firefox\/128.0"
    },
    {
        "date": "2025-04-02 04:19:08",
        "action": "login_failed",
        "description": "Failed login attempt with username: admin",
        "username": "unknown",
        "ip": "176.65.139.105",
        "user_agent": "Mozilla\/5.0 (X11; Linux x86_64; rv:128.0) Gecko\/20100101 Firefox\/128.0"
    },
    {
        "date": "2025-04-01 18:27:17",
        "action": "work_add",
        "description": "Added new work: Joda en mi casa",
        "username": "admin_test",
        "ip": "190.16.119.143",
        "user_agent": "Mozilla\/5.0 (Windows NT 10.0; Win64; x64) AppleWebKit\/537.36 (KHTML, like Gecko) Chrome\/134.0.0.0 Safari\/537.36"
    },
    {
        "date": "2025-04-01 18:26:23",
        "action": "event_add",
        "description": "Added new event: PROMPTS",
        "username": "admin_test",
        "ip": "190.16.119.143",
        "user_agent": "Mozilla\/5.0 (Windows NT 10.0; Win64; x64) AppleWebKit\/537.36 (KHTML, like Gecko) Chrome\/134.0.0.0 Safari\/537.36"
    },
    {
        "date": "2025-04-01 18:22:32",
        "action": "message_delete",
        "description": "Deleted message from: dasdsadas",
        "username": "admin_test",
        "ip": "190.16.119.143",
        "user_agent": "Mozilla\/5.0 (Windows NT 10.0; Win64; x64) AppleWebKit\/537.36 (KHTML, like Gecko) Chrome\/134.0.0.0 Safari\/537.36"
    },
    {
        "date": "2025-04-01 17:28:15",
        "action": "login",
        "description": "Admin login successful",
        "username": "admin",
        "ip": "190.16.119.143",
        "user_agent": "Mozilla\/5.0 (Windows NT 10.0; Win64; x64) AppleWebKit\/537.36 (KHTML, like Gecko) Chrome\/134.0.0.0 Safari\/537.36"
    },
    {
        "date": "2025-03-31 19:32:14",
        "action": "admin_init",
        "description": "Initialized default admin account",
        "username": "Admin",
        "ip": "190.16.119.143",
        "user_agent": "Mozilla\/5.0 (Windows NT 10.0; Win64; x64) AppleWebKit\/537.36 (KHTML, like Gecko) Chrome\/134.0.0.0 Safari\/537.36"
    }
]